{
    "config": {
        "model_name": "easyocr",
        "preprocessing_steps": [
            "sharpening",
            "binarization"
        ]
    },
    "metrics": {
        "item_accuracy": 0.20168067226890757,
        "char_accuracy": 0.8703703703703703,
        "inference_time": 1.4709680080413818,
        "type_accuracies": {
            "textType1": 0.7083333333333334
        },
        "region_accuracies": {
            "bottom": 0.7083333333333334
        },
        "length_accuracies": {
            "short": 0.8125,
            "medium": 0.42857142857142855,
            "long": 1.0
        },
        "size_accuracies": {
            "large": 0.7083333333333334
        },
        "text_similarity": {
            "normalized_levenshtein": 0.695364238410596,
            "rouge_scores": {
                "rouge-1": 0.7135135085136597,
                "rouge-2": 0.37931033982795787,
                "rouge-l": 0.6918918868920381
            },
            "bleu_score": 0.42399665030624445
        }
    },
    "predictions": [
        [
            [
                "김",
                [
                    757.0,
                    359.0,
                    846.0,
                    424.0
                ]
            ],
            [
                "해",
                [
                    1209.0,
                    359.0,
                    1302.0,
                    421.0
                ]
            ],
            [
                "우621-010 |김해시 부원동 623번지|전화 (0525)30-3237/ 전송30-3687/담당:김 일곧",
                [
                    213.0,
                    454.0,
                    2081.0,
                    532.0
                ]
            ],
            [
                "문서번호",
                [
                    210.0,
                    610.0,
                    425.0,
                    686.0
                ]
            ],
            [
                "총무13120",
                [
                    460.0,
                    605.0,
                    697.0,
                    680.0
                ]
            ],
            [
                "취급",
                [
                    1074.0,
                    608.0,
                    1190.0,
                    682.0
                ]
            ],
            [
                "시행일자 95.10,",
                [
                    213.0,
                    712.0,
                    592.0,
                    784.0
                ]
            ],
            [
                "보존",
                [
                    1080.0,
                    713.0,
                    1189.0,
                    781.0
                ]
            ],
            [
                "부 시 장",
                [
                    1079.0,
                    811.0,
                    1292.0,
                    883.0
                ]
            ],
            [
                "받음",
                [
                    210.0,
                    912.0,
                    326.0,
                    987.0
                ]
            ],
            [
                "수신처 참조",
                [
                    358.0,
                    912.0,
                    644.0,
                    984.0
                ]
            ],
            [
                "국   장",
                [
                    1077.0,
                    912.0,
                    1300.0,
                    990.0
                ]
            ],
            [
                "과   장",
                [
                    1079.0,
                    1014.0,
                    1300.0,
                    1091.0
                ]
            ],
            [
                "기안",
                [
                    1078.0,
                    1113.0,
                    1192.0,
                    1181.0
                ]
            ],
            [
                "김 일곧",
                [
                    1226.0,
                    1116.0,
                    1411.0,
                    1184.0
                ]
            ],
            [
                "협조",
                [
                    2070.0,
                    1111.0,
                    2185.0,
                    1186.0
                ]
            ],
            [
                "제목",
                [
                    211.0,
                    1215.0,
                    323.0,
                    1282.0
                ]
            ],
            [
                "'김해시 상징물 제정위원회 _ 회의 개최",
                [
                    383.0,
                    1214.0,
                    1286.0,
                    1286.0
                ]
            ],
            [
                "'김해시 상징물 제정 위원회_ 회의블 다음과 같이 개최하고자 하오니 참석",
                [
                    378.0,
                    1356.0,
                    2115.0,
                    1441.0
                ]
            ],
            [
                "하여 주시면 감사하켓습니다 .",
                [
                    208.0,
                    1461.0,
                    891.0,
                    1538.0
                ]
            ],
            [
                "일",
                [
                    536.0,
                    1613.0,
                    593.0,
                    1676.0
                ]
            ],
            [
                "시 : ' 95.",
                [
                    683.0,
                    1615.0,
                    909.0,
                    1680.0
                ]
            ],
            [
                "10",
                [
                    930.0,
                    1615.0,
                    1000.0,
                    1677.0
                ]
            ],
            [
                "20 (금) 11:00",
                [
                    1027.0,
                    1611.0,
                    1366.0,
                    1684.0
                ]
            ],
            [
                "0 장",
                [
                    462.0,
                    1707.0,
                    598.0,
                    1780.0
                ]
            ],
            [
                "소 : 상 항 실 (제니청사 본관2층)",
                [
                    682.0,
                    1709.0,
                    1467.0,
                    1788.0
                ]
            ],
            [
                "0 참",
                [
                    463.0,
                    1810.0,
                    600.0,
                    1877.0
                ]
            ],
            [
                "석 : 위원 17명",
                [
                    682.0,
                    1806.0,
                    1039.0,
                    1881.0
                ]
            ],
            [
                "0 도:",
                [
                    546.0,
                    1911.0,
                    712.0,
                    1976.0
                ]
            ],
            [
                "시의원 6 ,",
                [
                    701.0,
                    1905.0,
                    933.0,
                    1991.0
                ]
            ],
            [
                "사회단체장 5 , 문화예술단체장 2, 공무원 4",
                [
                    953.0,
                    1908.0,
                    1966.0,
                    1985.0
                ]
            ],
            [
                "내",
                [
                    535.0,
                    2010.0,
                    600.0,
                    2075.0
                ]
            ],
            [
                "용",
                [
                    687.0,
                    2014.0,
                    741.0,
                    2071.0
                ]
            ],
            [
                "'0",
                [
                    550.0,
                    2124.0,
                    587.0,
                    2161.0
                ]
            ],
            [
