{
    "config": {
        "model_name": "azure_read",
        "preprocessing_steps": [
            "sharpening",
            "denoising"
        ]
    },
    "metrics": {
        "item_accuracy": 0.18487394957983194,
        "char_accuracy": 0.3684210526315789,
        "inference_time": 33.67741656303406,
        "type_accuracies": {
            "textType1": 0.6818181818181818
        },
        "region_accuracies": {
            "bottom": 0.6818181818181818
        },
        "length_accuracies": {
            "short": 0.8235294117647058,
            "long": 0.0,
            "medium": 0.3333333333333333
        },
        "size_accuracies": {
            "large": 0.6818181818181818
        },
        "text_similarity": {
            "normalized_levenshtein": 0.7615894039735099,
            "rouge_scores": {
                "rouge-1": 0.8723404205341784,
                "rouge-2": 0.6749999950031251,
                "rouge-l": 0.861702122661838
            },
            "bleu_score": 0.6927858496000951
        }
    },
    "predictions": [
        [
            [
                "김",
                [
                    760.0,
                    362.0,
                    848.0,
                    421.0
                ]
            ],
            [
                "해",
                [
                    1216.0,
                    365.0,
                    1303.0,
                    419.0
                ]
            ],
            [
                "시",
                [
                    1658.0,
                    365.0,
                    1749.0,
                    422.0
                ]
            ],
            [
                "우621-010 /김해시 부원동 623번지/전화(0525)30-3237/전송30-368기/담당:김 일곤",
                [
                    216.0,
                    461.0,
                    2082.0,
                    527.0
                ]
            ],
            [
                "문서번호 총무13120 ~",
                [
                    216.0,
                    615.0,
                    757.0,
                    676.0
                ]
            ],
            [
                "취급",
                [
                    1083.0,
                    616.0,
                    1183.0,
                    674.0
                ]
            ],
            [
                "시",
                [
                    1678.0,
                    621.0,
                    1732.0,
                    676.0
                ]
            ],
            [
                "장",
                [
                    1976.0,
                    618.0,
                    2027.0,
                    676.0
                ]
            ],
            [
                "시행일자 95.10. . (",
                [
                    213.0,
                    715.0,
                    691.0,
                    775.0
                ]
            ],
            [
                "1",
                [
                    834.0,
                    713.0,
                    854.0,
                    769.0
                ]
            ],
            [
                "보존",
                [
                    1081.0,
                    718.0,
                    1188.0,
                    776.0
                ]
            ],
            [
                "부 시장",
                [
                    1081.0,
                    819.0,
                    1288.0,
                    879.0
                ]
            ],
            [
                "1",
                [
                    2105.0,
                    820.0,
                    2122.0,
                    873.0
                ]
            ],
            [
                "받음 수신처 참조",
                [
                    215.0,
                    916.0,
                    639.0,
                    979.0
                ]
            ],
            [
                "국 장",
                [
                    1080.0,
                    920.0,
                    1287.0,
                    979.0
                ]
            ],
            [
                "25",
                [
                    1318.0,
                    898.0,
                    1482.0,
                    999.0
                ]
            ],
            [
                "과 장",
                [
                    1084.0,
                    1020.0,
                    1287.0,
                    1078.0
                ]
            ],
            [
                "3",
                [
                    1367.0,
                    1009.0,
                    1539.0,
                    1101.0
                ]
            ],
            [
                "기안",
                [
                    1080.0,
                    1118.0,
                    1192.0,
                    1179.0
                ]
            ],
            [
                "김 일곤 (kR",
                [
                    1220.0,
                    1118.0,
                    1521.0,
                    1186.0
                ]
            ],
            [
                "협조",
                [
                    2077.0,
                    1119.0,
                    2177.0,
                    1177.0
                ]
            ],
            [
                "제목",
                [
                    214.0,
                    1218.0,
                    332.0,
                    1276.0
                ]
            ],
            [
                "「김해시 상징물 제정위원회」 회의 개최",
                [
                    367.0,
                    1214.0,
                    1284.0,
                    1281.0
                ]
            ],
            [
                "「김해시 상징물 제정 위원회」 회의를 다음과 같이 개최하고자 하오니 참석",
                [
                    387.0,
                    1365.0,
                    2105.0,
                    1431.0
                ]
            ],
            [
                "하여 주시면 감사하겠습니다.",
                [
                    217.0,
                    1465.0,
                    882.0,
                    1529.0
                ]
            ],
            [
                "○ 일",
                [
                    469.0,
                    1616.0,
                    596.0,
                    1675.0
                ]
            ],
            [
                "시 : '95. 10. 20 (금) 11:00",
                [
                    685.0,
                    1615.0,
                    1362.0,
                    1677.0
                ]
            ],
            [
                "○ 장",
                [
                    465.0,
                    1714.0,
                    593.0,
                    1775.0
                ]
            ],
            [
                "소 : 상황 실 (제1청사 본관2층)",
                [
                    687.0,
                    1712.0,
                    1452.0,
                    1777.0
                ]
            ],
            [
                "○ 참",
                [
                    466.0,
                    1813.0,
                    601.0,
                    1874.0
                ]
            ],
            [
                "석 : 위원 17명",
                [
                    687.0,
                    1813.0,
                    1037.0,
                    1873.0
                ]
            ],
            [
                "○ 도 · 시의원 6, 사회단체장 5, 문화예술단체장 2, 공무원 4",
                [
                    548.0,
                    1913.0,
                    1961.0,
                    1975.0
                ]
            ],
            [
                "○ 내 용",
                [
                    472.0,
                    2014.0,
                    740.0,
                    2074.0
                ]
            ],
            [
                "○ 상징물 설문조사 결과에 대한 최종심의 · 확정",
                [
                    550.0,
                    2112.0,
                    1657.0,
                    2176.0
                ]
