{
    "config": {
        "model_name": "azure_read",
        "preprocessing_steps": [
            "sharpening",
            "binarization"
        ]
    },
    "metrics": {
        "item_accuracy": 0.18487394957983194,
        "char_accuracy": 0.43478260869565216,
        "inference_time": 4.052310466766357,
        "type_accuracies": {
            "textType1": 0.7727272727272727
        },
        "region_accuracies": {
            "bottom": 0.7727272727272727
        },
        "length_accuracies": {
            "short": 0.8888888888888888,
            "long": 0.0,
            "medium": 0.3333333333333333
        },
        "size_accuracies": {
            "large": 0.7727272727272727
        },
        "text_similarity": {
            "normalized_levenshtein": 0.7483443708609272,
            "rouge_scores": {
                "rouge-1": 0.8526315739523547,
                "rouge-2": 0.6611570197988527,
                "rouge-l": 0.842105258162881
            },
            "bleu_score": 0.6629162079982925
        }
    },
    "predictions": [
        [
            [
                "김",
                [
                    770.0,
                    365.0,
                    845.0,
                    424.0
                ]
            ],
            [
                "해",
                [
                    1213.0,
                    363.0,
                    1304.0,
                    420.0
                ]
            ],
            [
                "시",
                [
                    1649.0,
                    366.0,
                    1746.0,
                    426.0
                ]
            ],
            [
                "우621-010 /김해시 부원동 623번지/전화(0525)30-3237/전송30-368기/담당: 김 일곤",
                [
                    215.0,
                    458.0,
                    2084.0,
                    527.0
                ]
            ],
            [
                "문서번호 총무13120 ~",
                [
                    212.0,
                    612.0,
                    761.0,
                    677.0
                ]
            ],
            [
                "취급",
                [
                    1081.0,
                    618.0,
                    1183.0,
                    673.0
                ]
            ],
            [
                "시",
                [
                    1677.0,
                    616.0,
                    1731.0,
                    674.0
                ]
            ],
            [
                "장",
                [
                    1971.0,
                    619.0,
                    2033.0,
                    677.0
                ]
            ],
            [
                "시행일자 95.10. . (",
                [
                    213.0,
                    714.0,
                    687.0,
                    778.0
                ]
            ],
            [
                "1",
                [
                    834.0,
                    712.0,
                    857.0,
                    772.0
                ]
            ],
            [
                "보존",
                [
                    1084.0,
                    717.0,
                    1186.0,
                    776.0
                ]
            ],
            [
                "부 시장",
                [
                    1076.0,
                    816.0,
                    1289.0,
                    879.0
                ]
            ],
            [
                "Was",
                [
                    1324.0,
                    804.0,
                    1490.0,
                    897.0
                ]
            ],
            [
                "一",
                [
                    2104.0,
                    820.0,
                    2126.0,
                    874.0
                ]
            ],
            [
                "받음 수신처 참조",
                [
                    210.0,
                    915.0,
                    644.0,
                    980.0
                ]
            ],
            [
                "국 장",
                [
                    1078.0,
                    918.0,
                    1287.0,
                    980.0
                ]
            ],
            [
                ".. .",
                [
                    1347.0,
                    1004.0,
                    1374.0,
                    1011.0
                ]
            ],
            [
                "과",
                [
                    1080.0,
                    1020.0,
                    1226.0,
                    1078.0
                ]
            ],
            [
                "장",
                [
                    1225.0,
                    1019.0,
                    1288.0,
                    1078.0
                ]
            ],
            [
                "과",
                [
                    1083.0,
                    1014.0,
                    1136.0,
                    1080.0
                ]
            ],
            [
                "기안",
                [
                    1079.0,
                    1116.0,
                    1195.0,
                    1179.0
                ]
            ],
            [
                "김 일곤 (Ry",
                [
                    1222.0,
                    1118.0,
                    1514.0,
                    1184.0
                ]
            ],
            [
                "협조",
                [
                    2072.0,
                    1116.0,
                    2178.0,
                    1179.0
                ]
            ],
            [
                "제목",
                [
                    209.0,
                    1218.0,
                    329.0,
                    1279.0
                ]
            ],
            [
                "「김해시 상징물 제정위원회」 회의 개최",
                [
                    364.0,
                    1214.0,
                    1283.0,
                    1281.0
                ]
            ],
            [
                "『김해시 상징물 제정 위원회』 회의를 다음과 같이 개최하고자 하오니 참석",
                [
                    386.0,
                    1362.0,
                    2107.0,
                    1431.0
                ]
            ],
            [
                "하여 주시면 감사하겠습니다.",
                [
                    211.0,
                    1464.0,
                    881.0,
                    1527.0
                ]
            ],
            [
                "○ 일",
                [
                    457.0,
                    1614.0,
                    597.0,
                    1674.0
                ]
            ],
            [
                "시 : '95. 10. 20 (금) 11:00",
                [
                    682.0,
                    1614.0,
                    1361.0,
                    1675.0
                ]
            ],
            [
                "○ 장",
                [
                    458.0,
                    1714.0,
                    598.0,
                    1774.0
                ]
            ],
            [
                "소 : 상황 실 (제1청사 본관2층)",
                [
                    682.0,
                    1712.0,
                    1456.0,
                    1777.0
                ]
            ],
            [
                "○ 참",
                [
                    459.0,
                    1814.0,
                    601.0,
                    1873.0
                ]
            ],
            [
                "석 : 위원 17명",
                [
                    684.0,
                    1810.0,
                    1038.0,
                    1874.0
                ]
            ],
            [
                "ㅇ 도 • 시의원 6, 사회단체장 5, 문화예술단체장 2, 공무원 4",
                [
                    530.0,
                    1911.0,
                    1964.0,
                    1975.0
                ]
            ],
