{
    "config": {
        "model_name": "azure_read",
        "preprocessing_steps": []
    },
    "metrics": {
        "item_accuracy": 0.19327731092436976,
        "char_accuracy": 0.3684210526315789,
        "inference_time": 3.804900884628296,
        "type_accuracies": {
            "textType1": 0.7391304347826086
        },
        "region_accuracies": {
            "bottom": 0.7391304347826086
        },
        "length_accuracies": {
            "short": 0.8333333333333334,
            "long": 0.0,
            "medium": 0.6666666666666666
        },
        "size_accuracies": {
            "large": 0.7391304347826086
        },
        "text_similarity": {
            "normalized_levenshtein": 0.7615894039735099,
            "rouge_scores": {
                "rouge-1": 0.8723404205341784,
                "rouge-2": 0.6776859454186873,
                "rouge-l": 0.861702122661838
            },
            "bleu_score": 0.693657355954476
        }
    },
    "predictions": [
        [
            [
                "김",
                [
                    759.0,
                    362.0,
                    850.0,
                    421.0
                ]
            ],
            [
                "해",
                [
                    1212.0,
                    364.0,
                    1304.0,
                    419.0
                ]
            ],
            [
                "시",
                [
                    1659.0,
                    365.0,
                    1748.0,
                    422.0
                ]
            ],
            [
                "우621-010 /김해시 부원동 623번지/전화(0525)30-3237/전송30-368기/담당:김 일곤",
                [
                    216.0,
                    461.0,
                    2081.0,
                    527.0
                ]
            ],
            [
                "문서번호 총무13120 ~",
                [
                    216.0,
                    614.0,
                    757.0,
                    677.0
                ]
            ],
            [
                "시행일자 95.10. . (",
                [
                    213.0,
                    714.0,
                    690.0,
                    776.0
                ]
            ],
            [
                "취급",
                [
                    1084.0,
                    616.0,
                    1183.0,
                    674.0
                ]
            ],
            [
                "시",
                [
                    1680.0,
                    621.0,
                    1733.0,
                    676.0
                ]
            ],
            [
                "1",
                [
                    833.0,
                    713.0,
                    854.0,
                    770.0
                ]
            ],
            [
                "장",
                [
                    1974.0,
                    623.0,
                    2029.0,
                    676.0
                ]
            ],
            [
                "보존",
                [
                    1084.0,
                    718.0,
                    1188.0,
                    776.0
                ]
            ],
            [
                "D",
                [
                    1346.0,
                    700.0,
                    1469.0,
                    826.0
                ]
            ],
            [
                "부 시장",
                [
                    1081.0,
                    819.0,
                    1288.0,
                    879.0
                ]
            ],
            [
                "1",
                [
                    2105.0,
                    820.0,
                    2122.0,
                    873.0
                ]
            ],
            [
                "받음 수신처 참조",
                [
                    215.0,
                    916.0,
                    638.0,
                    978.0
                ]
            ],
            [
                "국 장",
                [
                    1078.0,
                    921.0,
                    1288.0,
                    979.0
                ]
            ],
            [
                "25",
                [
                    1331.0,
                    895.0,
                    1497.0,
                    995.0
                ]
            ],
            [
                "과 장",
                [
                    1077.0,
                    1022.0,
                    1289.0,
                    1079.0
                ]
            ],
            [
                "기안",
                [
                    1078.0,
                    1118.0,
                    1192.0,
                    1179.0
                ]
            ],
            [
                "김 일곤 ( 62",
                [
                    1224.0,
                    1119.0,
                    1618.0,
                    1188.0
                ]
            ],
            [
                "제목",
                [
                    214.0,
                    1219.0,
                    322.0,
                    1276.0
                ]
            ],
            [
                "「김해시 상징물 제정위원회」 회의 개최",
                [
                    367.0,
                    1214.0,
                    1284.0,
                    1280.0
                ]
            ],
            [
                "협조",
                [
                    2078.0,
                    1120.0,
                    2177.0,
                    1178.0
                ]
            ],
            [
                "「김해시 상징물 제정 위원회」 회의를 다음과 같이 개최하고자 하오니 참석",
                [
                    387.0,
                    1365.0,
                    2103.0,
                    1431.0
                ]
            ],
            [
                "하여 주시면 감사하겠습니다.",
                [
                    217.0,
                    1465.0,
                    881.0,
                    1529.0
                ]
            ],
            [
                "○ 일",
                [
                    466.0,
                    1615.0,
                    596.0,
                    1675.0
                ]
            ],
            [
                "시 : '95. 10. 20 (금) 11:00",
                [
                    685.0,
                    1615.0,
                    1362.0,
                    1677.0
                ]
            ],
            [
                "○ 장",
                [
                    465.0,
                    1713.0,
                    596.0,
                    1773.0
                ]
            ],
            [
                "소 : 상황 실 (제1청사 본관2층)",
                [
                    686.0,
                    1712.0,
                    1453.0,
                    1778.0
                ]
            ],
            [
                "○ 참",
                [
                    477.0,
                    1809.0,
                    596.0,
                    1875.0
                ]
            ],
            [
                "석 : 위원 17명",
                [
                    681.0,
                    1814.0,
                    1037.0,
                    1873.0
                ]
            ],
            [
                "○ 도 · 시의원 6, 사회단체장 5, 문화예술단체장 2, 공무원 4",
                [
                    548.0,
                    1912.0,
                    1961.0,
                    1975.0
                ]
            ],
            [
                "○ 내",
                [
                    472.0,
                    2014.0,
                    618.0,
                    2075.0
                ]
            ],
            [
                "용",
                [
                    668.0,
                    2019.0,
                    741.0,
                    2069.0
                ]
            ],
            [
                "○ 상징물 설문조사 결과에 대한 최종심의 · 확정",
