{
    "config": {
        "model_name": "easyocr",
        "preprocessing_steps": [
            "denoising"
        ]
    },
    "metrics": {
        "item_accuracy": 0.226890756302521,
        "char_accuracy": 0.8125,
        "inference_time": 8.643096446990967,
        "type_accuracies": {
            "textType1": 0.6666666666666666
        },
        "region_accuracies": {
            "bottom": 0.6666666666666666
        },
        "length_accuracies": {
            "short": 0.7777777777777778,
            "medium": 0.375,
            "long": 1.0
        },
        "size_accuracies": {
            "large": 0.6666666666666666
        },
        "text_similarity": {
            "normalized_levenshtein": 0.6931567328918322,
            "rouge_scores": {
                "rouge-1": 0.706521734130435,
                "rouge-2": 0.3982683932692416,
                "rouge-l": 0.673913038478261
            },
            "bleu_score": 0.4503343876890031
        }
    },
    "predictions": [
        [
            [
                "김",
                [
                    757.0,
                    362.0,
                    844.0,
                    424.0
                ]
            ],
            [
                "해",
                [
                    1210.0,
                    366.0,
                    1298.0,
                    420.0
                ]
            ],
            [
                "우621-010 |김해시 부원동 623번지|전화(0525)30-3237/ 전송30-3687 |담당:김 일곧",
                [
                    213.0,
                    457.0,
                    2079.0,
                    532.0
                ]
            ],
            [
                "문서번호",
                [
                    213.0,
                    610.0,
                    422.0,
                    686.0
                ]
            ],
            [
                "총무13120",
                [
                    458.0,
                    607.0,
                    695.0,
                    685.0
                ]
            ],
            [
                "취급",
                [
                    1078.0,
                    611.0,
                    1184.0,
                    679.0
                ]
            ],
            [
                "시행일자 95.10.",
                [
                    214.0,
                    713.0,
                    586.0,
                    781.0
                ]
            ],
            [
                "보존",
                [
                    1080.0,
                    713.0,
                    1186.0,
                    781.0
                ]
            ],
            [
                "부 시 장",
                [
                    1080.0,
                    814.0,
                    1288.0,
                    882.0
                ]
            ],
            [
                "받음",
                [
                    213.0,
                    912.0,
                    324.0,
                    984.0
                ]
            ],
            [
                "수신처 참조",
                [
                    361.0,
                    912.0,
                    642.0,
                    987.0
                ]
            ],
            [
                "국   장",
                [
                    1077.0,
                    911.0,
                    1304.0,
                    997.0
                ]
            ],
            [
                "과   장",
                [
                    1076.0,
                    1008.0,
                    1300.0,
                    1098.0
                ]
            ],
            [
                "기안",
                [
                    1078.0,
                    1116.0,
                    1189.0,
                    1184.0
                ]
            ],
            [
                "김 일곧",
                [
                    1227.0,
                    1113.0,
                    1414.0,
                    1187.0
                ]
            ],
            [
                "협조",
                [
                    2073.0,
                    1116.0,
                    2179.0,
                    1181.0
                ]
            ],
            [
                "제목",
                [
                    211.0,
                    1218.0,
                    323.0,
                    1282.0
                ]
            ],
            [
                "'김해시 상징물 제정위원회 _ 회의 개최",
                [
                    382.0,
                    1211.0,
                    1286.0,
                    1287.0
                ]
            ],
            [
                "'김해시 상징물 제정 위원회_ 회의블 다음과 같이 개최하고자 하오니 참석",
                [
                    381.0,
                    1360.0,
                    2109.0,
                    1438.0
                ]
            ],
            [
                "하여 주시면 감사하켓습니다 .",
                [
                    213.0,
                    1463.0,
                    891.0,
                    1538.0
                ]
            ],
            [
                "0 일",
                [
                    463.0,
                    1612.0,
                    591.0,
                    1677.0
                ]
            ],
            [
                "시 : ' 95 .",
                [
                    683.0,
                    1615.0,
                    915.0,
                    1683.0
                ]
            ],
            [
                "10 .",
                [
                    931.0,
                    1619.0,
                    1007.0,
                    1673.0
                ]
            ],
            [
                "20 (금)",
                [
                    1028.0,
                    1615.0,
                    1214.0,
                    1683.0
                ]
            ],
            [
                "11:00",
                [
                    1229.0,
                    1619.0,
                    1364.0,
                    1673.0
                ]
            ],
            [
                "0 장",
                [
                    463.0,
                    1714.0,
                    597.0,
                    1776.0
                ]
            ],
            [
                "소 : 상 항 실 (제시청사 본관2층)",
                [
                    685.0,
                    1710.0,
                    1464.0,
                    1785.0
                ]
            ],
            [
                "0 참",
                [
                    463.0,
                    1813.0,
                    600.0,
                    1877.0
                ]
            ],
            [
                "석 : 위원 17명",
                [
                    684.0,
                    1808.0,
                    1039.0,
                    1882.0
                ]
            ],
            [
                "0",
                [
                    554.0,
                    1928.0,
                    588.0,
                    1959.0
                ]
            ],
            [
                "도 . 시의원",
                [
                    607.0,
                    1909.0,
                    867.0,
                    1985.0
                ]
            ],
            [
                "6 ,",
                [
                    884.0,
                    1921.0,
                    933.0,
                    1972.0
                ]
            ],
            [
                "사회단체장 5 , 문화예술단체장 2, 공무원 4",
                [
                    955.0,
                    1908.0,
                    1961.0,
                    1987.0
                ]
            ],
            [
                "내",
                [
                    537.0,
                    2015.0,
                    602.0,
                    2075.0
                ]
            ],
            [
                "용",
                [
                    680.0,
