{
    "config": {
        "model_name": "easyocr",
        "preprocessing_steps": [
            "binarization"
        ]
    },
    "metrics": {
        "item_accuracy": 0.23529411764705882,
        "char_accuracy": 0.8360655737704918,
        "inference_time": 1.5256106853485107,
        "type_accuracies": {
            "textType1": 0.6428571428571429
        },
        "region_accuracies": {
            "bottom": 0.6428571428571429
        },
        "length_accuracies": {
            "short": 0.7368421052631579,
            "medium": 0.375,
            "long": 1.0
        },
        "size_accuracies": {
            "large": 0.6428571428571429
        },
        "text_similarity": {
            "normalized_levenshtein": 0.6931567328918322,
            "rouge_scores": {
                "rouge-1": 0.7142857092863183,
                "rouge-2": 0.37931033982795787,
                "rouge-l": 0.6923076873082963
            },
            "bleu_score": 0.4135292887954735
        }
    },
    "predictions": [
        [
            [
                "김",
                [
                    757.0,
                    362.0,
                    844.0,
                    424.0
                ]
            ],
            [
                "해",
                [
                    1210.0,
                    363.0,
                    1301.0,
                    420.0
                ]
            ],
            [
                "우621-010 |김해시 부원동 623번지|전화(0525)30-3237/ 전송30-3687|담당:김 일곧",
                [
                    213.0,
                    454.0,
                    2081.0,
                    532.0
                ]
            ],
            [
                "문서번호",
                [
                    213.0,
                    610.0,
                    425.0,
                    686.0
                ]
            ],
            [
                "총무13120",
                [
                    460.0,
                    608.0,
                    694.0,
                    680.0
                ]
            ],
            [
                "취급",
                [
                    1075.0,
                    608.0,
                    1190.0,
                    682.0
                ]
            ],
            [
                "시행일자 95.10 .",
                [
                    213.0,
                    712.0,
                    592.0,
                    784.0
                ]
            ],
            [
                "보존",
                [
                    1080.0,
                    713.0,
                    1189.0,
                    781.0
                ]
            ],
            [
                "부 시 장",
                [
                    1080.0,
                    814.0,
                    1288.0,
                    882.0
                ]
            ],
            [
                "받음",
                [
                    213.0,
                    912.0,
                    326.0,
                    984.0
                ]
            ],
            [
                "수신처 참조",
                [
                    358.0,
                    912.0,
                    644.0,
                    984.0
                ]
            ],
            [
                "국   장",
                [
                    1077.0,
                    912.0,
                    1303.0,
                    990.0
                ]
            ],
            [
                "과   장",
                [
                    1076.0,
                    1008.0,
                    1297.0,
                    1097.0
                ]
            ],
            [
                "기안",
                [
                    1078.0,
                    1113.0,
                    1189.0,
                    1181.0
                ]
            ],
            [
                "김 일곧",
                [
                    1228.0,
                    1116.0,
                    1411.0,
                    1184.0
                ]
            ],
            [
                "협조",
                [
                    2073.0,
                    1116.0,
                    2182.0,
                    1181.0
                ]
            ],
            [
                "제목",
                [
                    211.0,
                    1218.0,
                    323.0,
                    1282.0
                ]
            ],
            [
                "'김해시 상징물 제정위원회 _ 회의 개최",
                [
                    382.0,
                    1212.0,
                    1286.0,
                    1286.0
                ]
            ],
            [
                "'김해시 상징물 제정 위원회 _ 회의블 다음과 같이 개최하고자 하오니 참석",
                [
                    380.0,
                    1356.0,
                    2113.0,
                    1441.0
                ]
            ],
            [
                "하여 주시면 감사하켓습니다 .",
                [
                    210.0,
                    1461.0,
                    891.0,
                    1538.0
                ]
            ],
            [
                "0 일",
                [
                    463.0,
                    1612.0,
                    594.0,
                    1677.0
                ]
            ],
            [
                "시 : ' 95.",
                [
                    683.0,
                    1615.0,
                    909.0,
                    1680.0
                ]
            ],
            [
                "10",
                [
                    930.0,
                    1615.0,
                    1000.0,
                    1677.0
                ]
            ],
            [
                "20 (금) 11:00",
                [
                    1028.0,
                    1612.0,
                    1365.0,
                    1680.0
                ]
            ],
            [
                "0 장",
                [
                    460.0,
                    1707.0,
                    598.0,
                    1780.0
                ]
            ],
            [
                "소 : 상 항 실 (제니청사 본관2층)",
                [
                    682.0,
                    1709.0,
                    1467.0,
                    1788.0
                ]
            ],
            [
                "0 참",
                [
                    461.0,
                    1813.0,
                    600.0,
                    1877.0
                ]
            ],
            [
                "석 : 위원 17명",
                [
                    686.0,
                    1810.0,
                    1038.0,
                    1877.0
                ]
            ],
            [
                "0",
                [
                    548.0,
                    1924.0,
                    592.0,
                    1966.0
                ]
            ],
            [
                "도",
                [
                    609.0,
                    1911.0,
                    674.0,
                    1976.0
                ]
            ],
            [
                "시의원 6 ,",
                [
                    703.0,
                    1905.0,
                    933.0,
                    1991.0
                ]
            ],
            [
                "사회단체장 5 , 문화예술단체장 2 , 공무원 4",
                [
                    956.0,
                    1910.0,
                    1966.0,
                    1985.0
                ]
            ],
            [
                "내",
                [
                    535.0,
                    2010.0,
                    600.0,
                    2075.0
                ]
            ],
            [
                "용",
                [
                    684.0,
                    2014.0,
                    741.0,
                    2071.0
                ]
            ],
            [
                "0",
                [
