{
    "config": {
        "model_name": "azure_read",
        "preprocessing_steps": [
            "denoising"
        ]
    },
    "metrics": {
        "item_accuracy": 0.15966386554621848,
        "char_accuracy": 0.3188405797101449,
        "inference_time": 10.435907125473022,
        "type_accuracies": {
            "textType1": 0.7368421052631579
        },
        "region_accuracies": {
            "bottom": 0.7368421052631579
        },
        "length_accuracies": {
            "short": 0.8666666666666667,
            "long": 0.0,
            "medium": 0.5
        },
        "size_accuracies": {
            "large": 0.7368421052631579
        },
        "text_similarity": {
            "normalized_levenshtein": 0.7527593818984547,
            "rouge_scores": {
                "rouge-1": 0.8586387384622133,
                "rouge-2": 0.6666666616735254,
                "rouge-l": 0.8376963300852499
            },
            "bleu_score": 0.6813848721617342
        }
    },
    "predictions": [
        [
            [
                "김",
                [
                    759.0,
                    363.0,
                    841.0,
                    422.0
                ]
            ],
            [
                "해",
                [
                    1215.0,
                    365.0,
                    1303.0,
                    419.0
                ]
            ],
            [
                "시",
                [
                    1659.0,
                    365.0,
                    1747.0,
                    422.0
                ]
            ],
            [
                "우621-010 /김해시 부원동 623번지/전화(0525)30-3237/전송30-368기/담당:김 일곤",
                [
                    216.0,
                    461.0,
                    2081.0,
                    527.0
                ]
            ],
            [
                "---",
                [
                    212.0,
                    517.0,
                    229.0,
                    555.0
                ]
            ],
            [
                "문서번호 총무13120 ~",
                [
                    216.0,
                    615.0,
                    757.0,
                    676.0
                ]
            ],
            [
                "취급",
                [
                    1084.0,
                    616.0,
                    1182.0,
                    673.0
                ]
            ],
            [
                "시",
                [
                    1678.0,
                    621.0,
                    1733.0,
                    676.0
                ]
            ],
            [
                "시행일자 95.10. . (",
                [
                    213.0,
                    714.0,
                    688.0,
                    775.0
                ]
            ],
            [
                "1",
                [
                    833.0,
                    713.0,
                    855.0,
                    769.0
                ]
            ],
            [
                "장",
                [
                    1976.0,
                    618.0,
                    2028.0,
                    677.0
                ]
            ],
            [
                "보존",
                [
                    1082.0,
                    718.0,
                    1187.0,
                    776.0
                ]
            ],
            [
                "부 시장",
                [
                    1081.0,
                    819.0,
                    1287.0,
                    879.0
                ]
            ],
            [
                "D",
                [
                    1346.0,
                    700.0,
                    1469.0,
                    827.0
                ]
            ],
            [
                "一",
                [
                    2102.0,
                    814.0,
                    2128.0,
                    877.0
                ]
            ],
            [
                "받음 수신처 참조",
                [
                    215.0,
                    916.0,
                    639.0,
                    978.0
                ]
            ],
            [
                "국 장",
                [
                    1080.0,
                    920.0,
                    1287.0,
                    979.0
                ]
            ],
            [
                "과 장",
                [
                    1077.0,
                    1022.0,
                    1289.0,
                    1080.0
                ]
            ],
            [
                "35",
                [
                    1365.0,
                    1009.0,
                    1540.0,
                    1102.0
                ]
            ],
            [
                "기안",
                [
                    1080.0,
                    1119.0,
                    1192.0,
                    1179.0
                ]
            ],
            [
                "김 일곤 6 623",
                [
                    1220.0,
                    1118.0,
                    1617.0,
                    1188.0
                ]
            ],
            [
                "제목 「김해시 상징물 제정위원회」 회의 개최",
                [
                    212.0,
                    1215.0,
                    1284.0,
                    1280.0
                ]
            ],
            [
                "협조",
                [
                    2077.0,
                    1119.0,
                    2176.0,
                    1177.0
                ]
            ],
            [
                "「김해시 상징물 제정 위원회」 회의를 다음과 같이 개최하고자 하오니 참석",
                [
                    387.0,
                    1365.0,
                    2105.0,
                    1431.0
                ]
            ],
            [
                "하여 주시면 감사하겠습니다.",
                [
                    217.0,
                    1465.0,
                    882.0,
                    1529.0
                ]
            ],
            [
                "○ 일",
                [
                    468.0,
                    1615.0,
                    596.0,
                    1675.0
                ]
            ],
            [
                "시 : '95. 10. 20 (금) 11:00",
                [
                    685.0,
                    1615.0,
                    1362.0,
                    1677.0
                ]
            ],
            [
                "○ 장",
                [
                    466.0,
                    1713.0,
                    593.0,
                    1775.0
                ]
            ],
            [
                "소 : 상황 실 (제1청사 본관2층)",
                [
                    685.0,
                    1712.0,
                    1452.0,
                    1777.0
                ]
            ],
            [
                "○ 참",
                [
                    466.0,
                    1813.0,
                    598.0,
                    1874.0
                ]
            ],
            [
                "석 : 위원 17명",
                [
                    686.0,
                    1813.0,
                    1038.0,
                    1873.0
                ]
            ],
            [
                "○ 도 · 시의원 6, 사회단체장 5, 문화예술단체장 2, 공무원 4",
                [
                    548.0,
                    1913.0,
                    1961.0,
                    1975.0
                ]
            ],
            [
                "○ 내 용",
                [
                    472.0,
                    2014.0,
                    740.0,
                    2074.0
                ]
            ],
            [
                "○ 상징물 설문조사 결과에 대한 최종심의 · 확정",
                [
                    550.0,
                    2112.0,
                    1658.0,
                    2176.0
                ]
            ],
            [
