{
    "config": {
        "model_name": "azure_read",
        "preprocessing_steps": [
            "binarization"
        ]
    },
    "metrics": {
        "item_accuracy": 0.15126050420168066,
        "char_accuracy": 0.3709677419354839,
        "inference_time": 3.241128444671631,
        "type_accuracies": {
            "textType1": 0.7777777777777778
        },
        "region_accuracies": {
            "bottom": 0.7777777777777778
        },
        "length_accuracies": {
            "short": 0.8666666666666667,
            "long": 0.0,
            "medium": 0.5
        },
        "size_accuracies": {
            "large": 0.7777777777777778
        },
        "text_similarity": {
            "normalized_levenshtein": 0.7328918322295805,
            "rouge_scores": {
                "rouge-1": 0.8526315739523547,
                "rouge-2": 0.6172839456241428,
                "rouge-l": 0.842105258162881
            },
            "bleu_score": 0.6348385236119891
        }
    },
    "predictions": [
        [
            [
                "김",
                [
                    761.0,
                    362.0,
                    841.0,
                    422.0
                ]
            ],
            [
                "해",
                [
                    1214.0,
                    363.0,
                    1304.0,
                    420.0
                ]
            ],
            [
                "우621-010 /김해시 부원동 623번지/전화(0525)30-3237/전송30-368기담당:김 일곤",
                [
                    215.0,
                    458.0,
                    2085.0,
                    528.0
                ]
            ],
            [
                "---",
                [
                    212.0,
                    516.0,
                    228.0,
                    555.0
                ]
            ],
            [
                "문서번호 총무13120 ~",
                [
                    211.0,
                    613.0,
                    762.0,
                    677.0
                ]
            ],
            [
                "취급",
                [
                    1083.0,
                    618.0,
                    1183.0,
                    674.0
                ]
            ],
            [
                "시",
                [
                    1678.0,
                    616.0,
                    1731.0,
                    675.0
                ]
            ],
            [
                "장",
                [
                    1973.0,
                    618.0,
                    2034.0,
                    676.0
                ]
            ],
            [
                "시행일자 95.10. . (",
                [
                    212.0,
                    714.0,
                    696.0,
                    777.0
                ]
            ],
            [
                "一",
                [
                    834.0,
                    715.0,
                    857.0,
                    777.0
                ]
            ],
            [
                "보존",
                [
                    1085.0,
                    717.0,
                    1188.0,
                    774.0
                ]
            ],
            [
                "부 시장",
                [
                    1079.0,
                    815.0,
                    1289.0,
                    880.0
                ]
            ],
            [
                "一",
                [
                    2104.0,
                    820.0,
                    2126.0,
                    874.0
                ]
            ],
            [
                "받음 수신처 참조",
                [
                    210.0,
                    915.0,
                    643.0,
                    979.0
                ]
            ],
            [
                "국 장",
                [
                    1078.0,
                    920.0,
                    1287.0,
                    979.0
                ]
            ],
            [
                ".. .",
                [
                    1346.0,
                    1003.0,
                    1375.0,
                    1011.0
                ]
            ],
            [
                "과 장",
                [
                    1077.0,
                    1021.0,
                    1288.0,
                    1079.0
                ]
            ],
            [
                "39",
                [
                    1360.0,
                    1011.0,
                    1541.0,
                    1107.0
                ]
            ],
            [
                "기안",
                [
                    1081.0,
                    1116.0,
                    1203.0,
                    1180.0
                ]
            ],
            [
                "김 일곤 ( 6)",
                [
                    1213.0,
                    1118.0,
                    1617.0,
                    1187.0
                ]
            ],
            [
                "협조",
                [
                    2077.0,
                    1115.0,
                    2176.0,
                    1178.0
                ]
            ],
            [
                "제목",
                [
                    213.0,
                    1218.0,
                    332.0,
                    1277.0
                ]
            ],
            [
                "10",
                [
                    1439.0,
                    1212.0,
                    1478.0,
                    1244.0
                ]
            ],
            [
                "「김해시 상징물 제정위원회」 회의 개최",
                [
                    336.0,
                    1216.0,
                    1283.0,
                    1279.0
                ]
            ],
            [
                "「김해시 상징물 제정 위원회] 회의를 다음과 같이 개최하고자 하오니 참석",
                [
                    386.0,
                    1363.0,
                    2107.0,
                    1431.0
                ]
            ],
            [
                "하여 주시면 감사하겠습니다.",
                [
                    212.0,
                    1464.0,
                    879.0,
                    1528.0
                ]
            ],
            [
                "○ 일",
                [
                    456.0,
                    1613.0,
                    597.0,
                    1675.0
                ]
            ],
            [
                "시 : '95. 10. 20 (금) 11:00",
                [
                    682.0,
                    1614.0,
                    1361.0,
                    1675.0
                ]
            ],
            [
                "○ 장",
                [
                    466.0,
                    1713.0,
                    598.0,
                    1774.0
                ]
            ],
            [
                "소 : 상황 실 (제1청사 본관2층)",
                [
                    683.0,
                    1712.0,
                    1455.0,
                    1777.0
                ]
            ],
            [
                "○ 참",
                [
                    465.0,
                    1812.0,
                    598.0,
                    1874.0
                ]
            ],
            [
                "석 : 위원 17명",
                [
                    686.0,
                    1811.0,
                    1037.0,
                    1874.0
                ]
            ],
            [
                "ㅇ 도 • 시의원 6, 사회단체장 5, 문화예술단체장 2, 공무원 4",
                [
                    542.0,
                    1912.0,
                    1965.0,
                    1976.0
                ]
            ],
            [
                "O 내 용",
                [
                    463.0,
                    2014.0,
                    743.0,
                    2073.0
                ]
            ],
            [
