{
    "config": {
        "model_name": "azure_read",
        "preprocessing_steps": [
            "sharpening"
        ]
    },
    "metrics": {
        "item_accuracy": 0.18487394957983194,
        "char_accuracy": 0.37333333333333335,
        "inference_time": 3.2211031913757324,
        "type_accuracies": {
            "textType1": 0.7727272727272727
        },
        "region_accuracies": {
            "bottom": 0.7727272727272727
        },
        "length_accuracies": {
            "short": 0.8823529411764706,
            "long": 0.0,
            "medium": 0.6666666666666666
        },
        "size_accuracies": {
            "large": 0.7727272727272727
        },
        "text_similarity": {
            "normalized_levenshtein": 0.7704194260485651,
            "rouge_scores": {
                "rouge-1": 0.8631578897418283,
                "rouge-2": 0.6556016547552558,
                "rouge-l": 0.842105258162881
            },
            "bleu_score": 0.6790261845172276
        }
    },
    "predictions": [
        [
            [
                "김",
                [
                    760.0,
                    363.0,
                    841.0,
                    422.0
                ]
            ],
            [
                "해",
                [
                    1215.0,
                    365.0,
                    1303.0,
                    419.0
                ]
            ],
            [
                "시",
                [
                    1658.0,
                    365.0,
                    1749.0,
                    423.0
                ]
            ],
            [
                "우621-010 /김해시 부원동 623번지/전화(0525)30-3237/전송30-368기/담당: 김 일곤",
                [
                    216.0,
                    461.0,
                    2079.0,
                    527.0
                ]
            ],
            [
                "ㅡㅡㅡ",
                [
                    212.0,
                    516.0,
                    229.0,
                    555.0
                ]
            ],
            [
                "문서번호 총무13120 ~",
                [
                    215.0,
                    615.0,
                    757.0,
                    676.0
                ]
            ],
            [
                "취급",
                [
                    1083.0,
                    616.0,
                    1182.0,
                    673.0
                ]
            ],
            [
                "시",
                [
                    1680.0,
                    621.0,
                    1732.0,
                    676.0
                ]
            ],
            [
                "시행일자 95.10. . (",
                [
                    213.0,
                    714.0,
                    688.0,
                    775.0
                ]
            ],
            [
                "1",
                [
                    833.0,
                    713.0,
                    855.0,
                    770.0
                ]
            ],
            [
                "장",
                [
                    1976.0,
                    618.0,
                    2031.0,
                    677.0
                ]
            ],
            [
                "보존",
                [
                    1084.0,
                    718.0,
                    1188.0,
                    776.0
                ]
            ],
            [
                "D",
                [
                    1346.0,
                    698.0,
                    1468.0,
                    827.0
                ]
            ],
            [
                "부 시장",
                [
                    1080.0,
                    817.0,
                    1288.0,
                    879.0
                ]
            ],
            [
                "一",
                [
                    2102.0,
                    819.0,
                    2125.0,
                    877.0
                ]
            ],
            [
                "받음 수신처 참조",
                [
                    215.0,
                    916.0,
                    639.0,
                    978.0
                ]
            ],
            [
                "국 장",
                [
                    1078.0,
                    920.0,
                    1287.0,
                    979.0
                ]
            ],
            [
                "25",
                [
                    1331.0,
                    895.0,
                    1497.0,
                    1000.0
                ]
            ],
            [
                "과 장",
                [
                    1082.0,
                    1021.0,
                    1286.0,
                    1078.0
                ]
            ],
            [
                "3",
                [
                    1365.0,
                    1010.0,
                    1540.0,
                    1102.0
                ]
            ],
            [
                "기안",
                [
                    1078.0,
                    1117.0,
                    1192.0,
                    1179.0
                ]
            ],
            [
                "제목",
                [
                    215.0,
                    1219.0,
                    322.0,
                    1276.0
                ]
            ],
            [
                "「김해시 상징물 제정위원회」 회의 개최",
                [
                    330.0,
                    1214.0,
                    1284.0,
                    1281.0
                ]
            ],
            [
                "협조",
                [
                    2077.0,
                    1119.0,
                    2177.0,
                    1178.0
                ]
            ],
            [
                "「김해시 상징물 제정 위원회」 회의를 다음과 같이 개최하고자 하오니 참석",
                [
                    387.0,
                    1366.0,
                    2103.0,
                    1431.0
                ]
            ],
            [
                "하여 주시면 감사하겠습니다.",
                [
                    217.0,
                    1465.0,
                    881.0,
                    1530.0
                ]
            ],
            [
                "○ 일",
                [
                    465.0,
                    1614.0,
                    596.0,
                    1674.0
                ]
            ],
            [
                "시 : '95. 10. 20 (금) 11:00",
                [
                    685.0,
                    1616.0,
                    1358.0,
                    1677.0
                ]
            ],
            [
                "○ 장",
                [
                    465.0,
                    1714.0,
                    595.0,
                    1775.0
                ]
            ],
            [
                "소 : 상황 실 (제1청사 본관2층)",
                [
                    686.0,
                    1712.0,
                    1453.0,
                    1778.0
                ]
            ],
            [
                "○ 참",
                [
                    466.0,
                    1812.0,
                    597.0,
                    1874.0
                ]
            ],
            [
                "석 : 위원 17명",
                [
                    686.0,
                    1813.0,
                    1037.0,
                    1873.0
                ]
            ],
            [
                "○ 도 · 시의원 6, 사회단체장 5, 문화예술단체장 2, 공무원 4",
                [
                    548.0,
                    1913.0,
                    1961.0,
                    1975.0
                ]
            ],
            [
                "○ 내",
                [
                    472.0,
                    2014.0,
                    618.0,
                    2075.0
                ]
            ],
            [
                "용",
