{
    "config": {
        "model_name": "azure_read",
        "preprocessing_steps": [
            "sharpening",
            "denoising",
            "binarization"
        ]
    },
    "metrics": {
        "item_accuracy": 0.20168067226890757,
        "char_accuracy": 0.4,
        "inference_time": 9.902033567428589,
        "type_accuracies": {
            "textType1": 0.6666666666666666
        },
        "region_accuracies": {
            "bottom": 0.6666666666666666
        },
        "length_accuracies": {
            "short": 0.7777777777777778,
            "long": 0.0,
            "medium": 0.5
        },
        "size_accuracies": {
            "large": 0.6666666666666666
        },
        "text_similarity": {
            "normalized_levenshtein": 0.7593818984547461,
            "rouge_scores": {
                "rouge-1": 0.8404255269171572,
                "rouge-2": 0.6416666616697918,
                "rouge-l": 0.8297872290448167
            },
            "bleu_score": 0.6623371138191113
        }
    },
    "predictions": [
        [
            [
                "김",
                [
                    760.0,
                    362.0,
                    841.0,
                    422.0
                ]
            ],
            [
                "해",
                [
                    1215.0,
                    365.0,
                    1303.0,
                    419.0
                ]
            ],
            [
                "시",
                [
                    1658.0,
                    365.0,
                    1747.0,
                    422.0
                ]
            ],
            [
                "우621-010 /김해시 부원동 623번지/전화(0525)30-3237/전송30-3687/담당: 김 일곤",
                [
                    216.0,
                    461.0,
                    2081.0,
                    527.0
                ]
            ],
            [
                "문서번호 총무13120 ~",
                [
                    214.0,
                    614.0,
                    758.0,
                    674.0
                ]
            ],
            [
                "취급",
                [
                    1083.0,
                    616.0,
                    1182.0,
                    674.0
                ]
            ],
            [
                "시",
                [
                    1679.0,
                    619.0,
                    1733.0,
                    674.0
                ]
            ],
            [
                "장",
                [
                    1974.0,
                    623.0,
                    2029.0,
                    676.0
                ]
            ],
            [
                "시행일자 95.10. . (",
                [
                    213.0,
                    714.0,
                    690.0,
                    776.0
                ]
            ],
            [
                "1",
                [
                    833.0,
                    712.0,
                    855.0,
                    770.0
                ]
            ],
            [
                "보존",
                [
                    1082.0,
                    718.0,
                    1187.0,
                    776.0
                ]
            ],
            [
                "부 시장",
                [
                    1081.0,
                    819.0,
                    1287.0,
                    878.0
                ]
            ],
            [
                "1",
                [
                    2106.0,
                    819.0,
                    2122.0,
                    873.0
                ]
            ],
            [
                "받음 수신처 참조",
                [
                    215.0,
                    916.0,
                    638.0,
                    978.0
                ]
            ],
            [
                "국 장",
                [
                    1078.0,
                    920.0,
                    1287.0,
                    980.0
                ]
            ],
            [
                "北",
                [
                    1336.0,
                    895.0,
                    1493.0,
                    1000.0
                ]
            ],
            [
                "과 장",
                [
                    1081.0,
                    1021.0,
                    1287.0,
                    1079.0
                ]
            ],
            [
                "3",
                [
                    1367.0,
                    1010.0,
                    1543.0,
                    1102.0
                ]
            ],
            [
                "기안",
                [
                    1080.0,
                    1118.0,
                    1192.0,
                    1179.0
                ]
            ],
            [
                "김 일곤 (RA",
                [
                    1220.0,
                    1117.0,
                    1521.0,
                    1184.0
                ]
            ],
            [
                "협조",
                [
                    2077.0,
                    1120.0,
                    2177.0,
                    1178.0
                ]
            ],
            [
                "제목",
                [
                    212.0,
                    1218.0,
                    339.0,
                    1277.0
                ]
            ],
            [
                "「김해시 상징물 제정위원회」 회의 개최",
                [
                    365.0,
                    1214.0,
                    1284.0,
                    1281.0
                ]
            ],
            [
                "10",
                [
                    1441.0,
                    1214.0,
                    1475.0,
                    1243.0
                ]
            ],
            [
                "「김해시 상징물 제정 위원회」회의를 다음과 같이 개최하고자 하오니 참석",
                [
                    387.0,
                    1365.0,
                    2103.0,
                    1431.0
                ]
            ],
            [
                "하여 주시면 감사하겠습니다.",
                [
                    217.0,
                    1465.0,
                    881.0,
                    1529.0
                ]
            ],
            [
                "○ 일",
                [
                    465.0,
                    1614.0,
                    593.0,
                    1674.0
                ]
            ],
            [
                "시 : '95. 10. 20 (금) 11:00",
                [
                    685.0,
                    1616.0,
                    1362.0,
                    1677.0
                ]
            ],
            [
                "○ 장",
                [
                    465.0,
                    1714.0,
                    594.0,
                    1775.0
                ]
            ],
            [
                "소 : 상황 실 (제1청사 본관2층)",
                [
                    686.0,
                    1712.0,
                    1452.0,
                    1777.0
                ]
            ],
            [
                "○ 참",
                [
                    479.0,
                    1809.0,
                    596.0,
                    1874.0
                ]
            ],
            [
                "석 : 위원 17명",
                [
                    686.0,
                    1813.0,
                    1038.0,
                    1873.0
                ]
            ],
            [
                "○ 도 • 시의원 6, 사회단체장 5, 문화예술단체장 2, 공무원 4",
                [
                    547.0,
                    1913.0,
                    1961.0,
                    1975.0
                ]
            ],
            [
                "○ 내",
                [
                    472.0,
                    2013.0,
                    618.0,
                    2076.0
                ]
            ],
            [
