{
    "config": {
        "model_name": "easyocr",
        "preprocessing_steps": [
            "denoising"
        ]
    },
    "metrics": {
        "item_accuracy": 0.44715447154471544,
        "char_accuracy": 0.5209125475285171,
        "inference_time": 8.569174528121948,
        "type_accuracies": {
            "textType1": 0.4727272727272727
        },
        "region_accuracies": {
            "bottom": 0.4727272727272727
        },
        "length_accuracies": {
            "short": 0.75,
            "long": 0.08333333333333333,
            "medium": 0.43478260869565216
        },
        "size_accuracies": {
            "medium": 0.4727272727272727
        },
        "text_similarity": {
            "normalized_levenshtein": 0.7250859106529209,
            "rouge_scores": {
                "rouge-1": 0.6781115830035551,
                "rouge-2": 0.370909085938248,
                "rouge-l": 0.6437768190550572
            },
            "bleu_score": 0.2669891887797171
        }
    },
    "predictions": [
        [
            [
                "김",
                [
                    726.0,
                    284.0,
                    807.0,
                    346.0
                ]
            ],
            [
                "해",
                [
                    1229.0,
                    285.0,
                    1318.0,
                    342.0
                ]
            ],
            [
                "621-010",
                [
                    274.0,
                    394.0,
                    465.0,
                    445.0
                ]
            ],
            [
                "경남   김해시",
                [
                    521.0,
                    387.0,
                    807.0,
                    449.0
                ]
            ],
            [
                "부인등",
                [
                    824.0,
                    385.0,
                    981.0,
                    446.0
                ]
            ],
            [
                "61-1  /전화 (0525)",
                [
                    1005.0,
                    388.0,
                    1411.0,
                    445.0
                ]
            ],
            [
                "32-6360",
                [
                    1430.0,
                    391.0,
                    1613.0,
                    443.0
                ]
            ],
            [
                "전숨 (0525)",
                [
                    1630.0,
                    388.0,
                    1908.0,
                    445.0
                ]
            ],
            [
                "36-1978",
                [
                    1924.0,
                    391.0,
                    2110.0,
                    443.0
                ]
            ],
            [
                "문서번호",
                [
                    223.0,
                    531.0,
                    437.0,
                    603.0
                ]
            ],
            [
                "진홍 13600-",
                [
                    469.0,
                    526.0,
                    739.0,
                    602.0
                ]
            ],
            [
                "취급",
                [
                    1099.0,
                    535.0,
                    1208.0,
                    597.0
                ]
            ],
            [
                "시행일자",
                [
                    220.0,
                    635.0,
                    434.0,
                    709.0
                ]
            ],
            [
                "93.12",
                [
                    454.0,
                    648.0,
                    598.0,
                    696.0
                ]
            ],
            [
                "보존",
                [
                    1102.0,
                    638.0,
                    1210.0,
                    700.0
                ]
            ],
            [
                "경류",
                [
                    221.0,
                    742.0,
                    329.0,
                    809.0
                ]
            ],
            [
                "부.군 수기",
                [
                    1102.0,
                    742.0,
                    1341.0,
                    807.0
                ]
            ],
            [
                "수신",
                [
                    221.0,
                    843.0,
                    337.0,
                    905.0
                ]
            ],
            [
                "내 부 결 재",
                [
                    368.0,
                    840.0,
                    651.0,
                    905.0
                ]
            ],
            [
                "과",
                [
                    1099.0,
                    843.0,
                    1227.0,
                    905.0
                ]
            ],
            [
                "장 |",
                [
                    1244.0,
                    843.0,
                    1374.0,
                    905.0
                ]
            ],
            [
                "기획실장70",
                [
                    1569.0,
                    843.0,
                    1838.0,
                    908.0
                ]
            ],
            [
                "재무과장",
                [
                    1569.0,
                    889.0,
                    1781.0,
                    954.0
                ]
            ],
            [
                "참조",
                [
                    218.0,
                    944.0,
                    324.0,
                    1006.0
                ]
            ],
            [
                "계",
                [
                    1103.0,
                    948.0,
                    1209.0,
                    1002.0
                ]
            ],
            [
                "장 |",
                [
                    1245.0,
                    945.0,
                    1335.0,
                    1002.0
                ]
            ],
            [
                "예산계장?2",
                [
                    1569.0,
                    990.0,
                    1866.0,
                    1059.0
                ]
            ],
            [
                "기안",
                [
                    1099.0,
                    1042.0,
                    1208.0,
                    1104.0
                ]
            ],
            [
                "경리계장",
                [
                    1571.0,
                    1040.0,
                    1781.0,
                    1108.0
                ]
            ],
            [
                "현조",
                [
                    2090.0,
                    1042.0,
                    2203.0,
                    1104.0
                ]
            ],
            [
                "제목",
                [
                    218.0,
                    1146.0,
                    324.0,
                    1208.0
                ]
            ],
            [
                "생림면",
                [
                    371.0,
                    1143.0,
                    526.0,
                    1208.0
                ]
            ],
            [
                "복지회관 신축궁사 설계변경 시행",
                [
                    547.0,
                    1134.0,
                    1331.0,
                    1211.0
                ]
            ],
            [
                "건의",
                [
                    1348.0,
                    1143.0,
                    1450.0,
                    1205.0
                ]
            ],
            [
                "1. 새마을 13600-",
                [
                    401.0,
                    1296.0,
                    787.0,
                    1358.0
                ]
            ],
