{
    "config": {
        "model_name": "easyocr",
        "preprocessing_steps": [
            "binarization"
        ]
    },
    "metrics": {
        "item_accuracy": 0.43902439024390244,
        "char_accuracy": 0.5506072874493927,
        "inference_time": 1.747704267501831,
        "type_accuracies": {
            "textType1": 0.5555555555555556
        },
        "region_accuracies": {
            "bottom": 0.5555555555555556
        },
        "length_accuracies": {
            "short": 0.782608695652174,
            "long": 0.25,
            "medium": 0.47368421052631576
        },
        "size_accuracies": {
            "medium": 0.5555555555555556
        },
        "text_similarity": {
            "normalized_levenshtein": 0.718213058419244,
            "rouge_scores": {
                "rouge-1": 0.6224066340496893,
                "rouge-2": 0.30281689646424326,
                "rouge-l": 0.5726141029293573
            },
            "bleu_score": 0.25141162755384305
        }
    },
    "predictions": [
        [
            [
                "김",
                [
                    728.0,
                    284.0,
                    807.0,
                    346.0
                ]
            ],
            [
                "해",
                [
                    1229.0,
                    285.0,
                    1316.0,
                    342.0
                ]
            ],
            [
                "우 621-010",
                [
                    230.0,
                    394.0,
                    465.0,
                    445.0
                ]
            ],
            [
                "경남  김해시",
                [
                    521.0,
                    385.0,
                    807.0,
                    449.0
                ]
            ],
            [
                "부인둥",
                [
                    824.0,
                    385.0,
                    981.0,
                    446.0
                ]
            ],
            [
                "61-1   [화 (0525)",
                [
                    1001.0,
                    387.0,
                    1415.0,
                    449.0
                ]
            ],
            [
                "'32-6360 ./전숨 (0525)",
                [
                    1429.0,
                    385.0,
                    1909.0,
                    446.0
                ]
            ],
            [
                "36-1978",
                [
                    1924.0,
                    391.0,
                    2110.0,
                    443.0
                ]
            ],
            [
                "문서번호",
                [
                    219.0,
                    526.0,
                    435.0,
                    607.0
                ]
            ],
            [
                "진홍 13600-",
                [
                    469.0,
                    526.0,
                    742.0,
                    602.0
                ]
            ],
            [
                "취급",
                [
                    1099.0,
                    535.0,
                    1208.0,
                    599.0
                ]
            ],
            [
                "시행일자",
                [
                    218.0,
                    638.0,
                    433.0,
                    703.0
                ]
            ],
            [
                "93.12.",
                [
                    451.0,
                    645.0,
                    609.0,
                    696.0
                ]
            ],
            [
                "보존",
                [
                    1099.0,
                    638.0,
                    1210.0,
                    700.0
                ]
            ],
            [
                "가",
                [
                    1721.0,
                    550.0,
                    2008.0,
                    815.0
                ]
            ],
            [
                "경유",
                [
                    218.0,
                    742.0,
                    329.0,
                    807.0
                ]
            ],
            [
                "부 군 수\"",
                [
                    1095.0,
                    732.0,
                    1349.0,
                    807.0
                ]
            ],
            [
                "'수신",
                [
                    221.0,
                    843.0,
                    332.0,
                    905.0
                ]
            ],
            [
                "내 부 곁 재",
                [
                    360.0,
                    840.0,
                    651.0,
                    905.0
                ]
            ],
            [
                "과",
                [
                    1097.0,
                    840.0,
                    1221.0,
                    902.0
                ]
            ],
            [
                "장 |",
                [
                    1244.0,
                    840.0,
                    1369.0,
                    905.0
                ]
            ],
            [
                "기획실",
                [
                    1569.0,
                    840.0,
                    1723.0,
                    905.0
                ]
            ],
            [
                "[장하버",
                [
                    1710.0,
                    828.0,
                    1884.0,
                    931.0
                ]
            ],
            [
                "재무과장",
                [
                    1569.0,
                    889.0,
                    1778.0,
                    954.0
                ]
            ],
            [
                "참조",
                [
                    218.0,
                    944.0,
                    326.0,
                    1006.0
                ]
            ],
            [
                "계",
                [
                    1095.0,
                    945.0,
                    1207.0,
                    1002.0
                ]
            ],
            [
                "장 ",
                [
                    1244.0,
                    944.0,
                    1325.0,
                    1006.0
                ]
            ],
            [
                "예산계장 22",
                [
                    1565.0,
                    986.0,
                    1870.0,
                    1061.0
                ]
            ],
            [
                "기안",
                [
                    1097.0,
                    1039.0,
                    1210.0,
                    1104.0
                ]
            ],
            [
                "경리계장",
                [
                    1569.0,
                    1039.0,
                    1781.0,
                    1107.0
                ]
            ],
            [
                "현조",
                [
                    2090.0,
                    1042.0,
                    2203.0,
                    1104.0
                ]
            ],
            [
                "제목",
                [
                    215.0,
                    1146.0,
                    326.0,
                    1208.0
                ]
            ],
            [
                "생림면",
                [
                    371.0,
                    1143.0,
                    526.0,
                    1208.0
                ]
            ],
            [
                "볶지회간 신축공사 \"설계변경 시행",
                [
                    546.0,
                    1138.0,
                    1331.0,
                    1212.0
                ]
            ],
            [
                "건의",
                [
                    1348.0,
                    1143.0,
                    1450.0,
                    1205.0
                ]
            ],
