{
    "config": {
        "model_name": "easyocr",
        "preprocessing_steps": [
            "sharpening",
            "binarization"
        ]
    },
    "metrics": {
        "item_accuracy": 0.3333333333333333,
        "char_accuracy": 0.49746192893401014,
        "inference_time": 2.7964181900024414,
        "type_accuracies": {
            "textType1": 0.5853658536585366
        },
        "region_accuracies": {
            "bottom": 0.5853658536585366
        },
        "length_accuracies": {
            "short": 0.8888888888888888,
            "long": 0.1111111111111111,
            "medium": 0.5
        },
        "size_accuracies": {
            "medium": 0.5853658536585366
        },
        "text_similarity": {
            "normalized_levenshtein": 0.70446735395189,
            "rouge_scores": {
                "rouge-1": 0.6556016547965773,
                "rouge-2": 0.36363635869895844,
                "rouge-l": 0.6058091236762453
            },
            "bleu_score": 0.27788173505443503
        }
    },
    "predictions": [
        [
            [
                "김",
                [
                    729.0,
                    285.0,
                    806.0,
                    342.0
                ]
            ],
            [
                "해",
                [
                    1229.0,
                    285.0,
                    1316.0,
                    342.0
                ]
            ],
            [
                "621-010",
                [
                    274.0,
                    394.0,
                    465.0,
                    445.0
                ]
            ],
            [
                "경남   김해시 부인등",
                [
                    521.0,
                    382.0,
                    984.0,
                    449.0
                ]
            ],
            [
                "61-1   [전화 (0525).32-6360 . /전송 (0525) 36-1978",
                [
                    1001.0,
                    385.0,
                    2111.0,
                    449.0
                ]
            ],
            [
                "문서번호",
                [
                    219.0,
                    529.0,
                    432.0,
                    604.0
                ]
            ],
            [
                "진홍 13600-",
                [
                    469.0,
                    530.0,
                    742.0,
                    602.0
                ]
            ],
            [
                "취급",
                [
                    1099.0,
                    535.0,
                    1208.0,
                    599.0
                ]
            ],
            [
                "시행일자",
                [
                    218.0,
                    638.0,
                    433.0,
                    703.0
                ]
            ],
            [
                "93.12.",
                [
                    446.0,
                    643.0,
                    610.0,
                    698.0
                ]
            ],
            [
                "보존",
                [
                    1099.0,
                    638.0,
                    1210.0,
                    700.0
                ]
            ],
            [
                ">",
                [
                    1719.0,
                    554.0,
                    2004.0,
                    814.0
                ]
            ],
            [
                "경유",
                [
                    218.0,
                    739.0,
                    329.0,
                    807.0
                ]
            ],
            [
                "부 .군 수 ;",
                [
                    1095.0,
                    732.0,
                    1349.0,
                    810.0
                ]
            ],
            [
                "수신",
                [
                    218.0,
                    840.0,
                    332.0,
                    905.0
                ]
            ],
            [
                "내 부 곁 재",
                [
                    360.0,
                    837.0,
                    654.0,
                    905.0
                ]
            ],
            [
                "과",
                [
                    1094.0,
                    837.0,
                    1221.0,
                    905.0
                ]
            ],
            [
                "장 |",
                [
                    1241.0,
                    840.0,
                    1366.0,
                    905.0
                ]
            ],
            [
                "기획실장하버",
                [
                    1567.0,
                    833.0,
                    1886.0,
                    923.0
                ]
            ],
            [
                "재무과장",
                [
                    1569.0,
                    889.0,
                    1778.0,
                    954.0
                ]
            ],
            [
                "참조",
                [
                    218.0,
                    944.0,
                    326.0,
                    1006.0
                ]
            ],
            [
                "계",
                [
                    1098.0,
                    948.0,
                    1215.0,
                    1002.0
                ]
            ],
            [
                "장 [ 혈",
                [
                    1242.0,
                    929.0,
                    1499.0,
                    1010.0
                ]
            ],
            [
                "예산계장 22",
                [
                    1566.0,
                    988.0,
                    1868.0,
                    1056.0
                ]
            ],
            [
                "기안",
                [
                    1097.0,
                    1039.0,
                    1210.0,
                    1104.0
                ]
            ],
            [
                "경리계창",
                [
                    1569.0,
                    1042.0,
                    1778.0,
                    1107.0
                ]
            ],
            [
                "현조",
                [
                    2090.0,
                    1042.0,
                    2203.0,
                    1104.0
                ]
            ],
            [
                "제목",
                [
                    215.0,
                    1143.0,
                    326.0,
                    1208.0
                ]
            ],
            [
                "생림면   복지회관 신축공사 \"설계변경 시행   건의",
                [
                    370.0,
                    1137.0,
                    1453.0,
                    1211.0
                ]
            ],
            [
                "1. 새마을 13600-",
                [
                    401.0,
                    1296.0,
                    790.0,
                    1358.0
                ]
            ],
            [
                "'93.7.9)호와 관련임 .",
                [
                    850.0,
                    1289.0,
                    1359.0,
                    1362.0
                ]
            ],
            [
                "2.",
                [
                    403.0,
                    1407.0,
                    455.0,
                    1451.0
                ]
            ],
            [
                "'93.8.10 (주 ) 영승건설",
                [
                    478.0,
                    1390.0,
                    1031.0,
                    1465.0
                ]
            ],
            [
                "계약체결한 생림면   복지회간 신축",
                [
                    1344.0,
                    1390.0,
                    2128.0,
                    1462.0
                ]
            ],
            [
                "공사에   대하여 다음과 같이 설계변경 시행코자 합니다 .",
                [
