{
    "config": {
        "config_name": "20250531_base_easyocr_sharpening",
        "model_name": "base_easyocr",
        "preprocessing_steps": [
            "sharpening"
        ],
        "use_gpu": true,
        "timestamp": "20250531"
    },
    "metrics": {
        "item_accuracy": 0.527027027027027,
        "char_accuracy": 0.7063492063492064,
        "inference_time": 6.514363765716553,
        "type_accuracies": {
            "textType1": 0.717948717948718
        },
        "region_accuracies": {
            "bottom": 0.717948717948718
        },
        "length_accuracies": {
            "short": 0.8421052631578947,
            "long": 0.42857142857142855,
            "medium": 0.6923076923076923
        },
        "size_accuracies": {
            "medium": 0.717948717948718
        },
        "text_similarity": {
            "normalized_levenshtein": 0.7321428571428572,
            "rouge_scores": {
                "rouge-1": 0.6569343015717407,
                "rouge-2": 0.3287671182886096,
                "rouge-l": 0.6277372212797699
            },
            "bleu_score": 0.37867943562666473
        }
    },
    "predictions": [
        [
            [
                "김",
                [
                    767.0,
                    345.0,
                    840.0,
                    405.0
                ]
            ],
            [
                "해",
                [
                    1311.0,
                    349.0,
                    1393.0,
                    398.0
                ]
            ],
            [
                "621-010",
                [
                    316.0,
                    453.0,
                    502.0,
                    502.0
                ]
            ],
            [
                "경남",
                [
                    559.0,
                    447.0,
                    668.0,
                    509.0
                ]
            ],
            [
                "김해시",
                [
                    686.0,
                    448.0,
                    839.0,
                    505.0
                ]
            ],
            [
                "부원 동",
                [
                    861.0,
                    444.0,
                    1016.0,
                    506.0
                ]
            ],
            [
                "61-1",
                [
                    1037.0,
                    450.0,
                    1146.0,
                    500.0
                ]
            ],
            [
                "[전화 (0525)",
                [
                    1166.0,
                    445.0,
                    1445.0,
                    502.0
                ]
            ],
            [
                "32-6360",
                [
                    1462.0,
                    450.0,
                    1648.0,
                    500.0
                ]
            ],
            [
                "[전습 (0525)",
                [
                    1665.0,
                    448.0,
                    1941.0,
                    505.0
                ]
            ],
            [
                "36-1978",
                [
                    1961.0,
                    450.0,
                    2147.0,
                    500.0
                ]
            ],
            [
                "문서번호",
                [
                    263.0,
                    595.0,
                    465.0,
                    660.0
                ]
            ],
            [
                "진흥 13600-",
                [
                    510.0,
                    597.0,
                    775.0,
                    660.0
                ]
            ],
            [
                "취급",
                [
                    1129.0,
                    595.0,
                    1238.0,
                    657.0
                ]
            ],
            [
                "시행일자",
                [
                    263.0,
                    696.0,
                    470.0,
                    758.0
                ]
            ],
            [
                "94.01.",
                [
                    489.0,
                    700.0,
                    645.0,
                    752.0
                ]
            ],
            [
                ". (",
                [
                    694.0,
                    703.0,
                    752.0,
                    752.0
                ]
            ],
            [
                "보존",
                [
                    1132.0,
                    693.0,
                    1241.0,
                    755.0
                ]
            ],
            [
                "경유",
                [
                    263.0,
                    798.0,
                    366.0,
                    860.0
                ]
            ],
            [
                "부 군 수 기|전 곁",
                [
                    1131.0,
                    786.0,
                    1521.0,
                    861.0
                ]
            ],
            [
                "헌여",
                [
                    1848.0,
                    751.0,
                    2175.0,
                    878.0
                ]
            ],
            [
                "수신",
                [
                    264.0,
                    900.0,
                    363.0,
                    957.0
                ]
            ],
            [
                "내 부 결 재",
                [
                    408.0,
                    896.0,
                    687.0,
                    958.0
                ]
            ],
            [
                "과",
                [
                    1130.0,
                    897.0,
                    1250.0,
                    954.0
                ]
            ],
            [
                "장 |",
                [
                    1277.0,
                    893.0,
                    1391.0,
                    955.0
                ]
            ],
            [
                "참조",
                [
                    260.0,
                    995.0,
                    366.0,
                    1057.0
                ]
            ],
            [
                "계",
                [
                    1129.0,
                    992.0,
                    1257.0,
                    1054.0
                ]
            ],
            [
                "장 |",
                [
                    1278.0,
                    999.0,
                    1366.0,
                    1053.0
                ]
            ],
            [
                "기안",
                [
                    1126.0,
                    1096.0,
                    1238.0,
                    1156.0
                ]
            ],
            [
                "힘조",
                [
                    2128.0,
                    1097.0,
                    2234.0,
                    1152.0
                ]
            ],
            [
                "제목",
                [
                    258.0,
                    1198.0,
                    364.0,
                    1260.0
                ]
            ],
            [
                "준공검사원",
                [
                    411.0,
                    1195.0,
                    662.0,
                    1260.0
                ]
            ],
            [
                "임명",
                [
                    683.0,
                    1199.0,
                    787.0,
                    1256.0
                ]
            ],
            [
                "건의",
                [
                    806.0,
                    1195.0,
                    909.0,
                    1257.0
                ]
            ],
            [
                "'93 지역개발사업으로",
                [
                    469.0,
