{
    "config": {
        "config_name": "20250531_base_yolo_ocr_denoising",
        "model_name": "base_yolo_ocr",
        "preprocessing_steps": [
            "denoising"
        ],
        "use_gpu": true,
        "timestamp": "20250531"
    },
    "metrics": {
        "item_accuracy": 0.04054054054054054,
        "char_accuracy": 1.0,
        "inference_time": 7.401787996292114,
        "type_accuracies": {
            "textType1": 1.0
        },
        "region_accuracies": {
            "bottom": 1.0
        },
        "length_accuracies": {
            "short": 1.0
        },
        "size_accuracies": {
            "medium": 1.0
        },
        "text_similarity": {
            "normalized_levenshtein": 0.017857142857142905,
            "rouge_scores": {
                "rouge-1": 0.08571428489387757,
                "rouge-2": 0.0270270265010957,
                "rouge-l": 0.05714285632244899
            },
            "bleu_score": 3.088891838001544e-11
        }
    },
    "predictions": [
        [
            [
                "해",
                [
                    956.0,
                    3097.0,
                    1037.0,
                    3154.0
                ]
            ],
            [
                "군",
                [
                    1408.0,
                    3100.0,
                    1488.0,
                    3153.0
                ]
            ],
            [
                "김",
                [
                    560.0,
                    3099.0,
                    632.0,
                    3148.0
                ]
            ]
        ]
    ]
}