{
    "config": {
        "config_name": "20250531_base_easyocr_sharpening_binarization",
        "model_name": "base_easyocr",
        "preprocessing_steps": [
            "sharpening",
            "binarization"
        ],
        "use_gpu": true,
        "timestamp": "20250531"
    },
    "metrics": {
        "item_accuracy": 0.36486486486486486,
        "char_accuracy": 0.6470588235294118,
        "inference_time": 1.6030983924865723,
        "type_accuracies": {
            "textType1": 0.5555555555555556
        },
        "region_accuracies": {
            "bottom": 0.5555555555555556
        },
        "length_accuracies": {
            "short": 0.6,
            "long": 0.4,
            "medium": 0.5714285714285714
        },
        "size_accuracies": {
            "medium": 0.5555555555555556
        },
        "text_similarity": {
            "normalized_levenshtein": 0.6821428571428572,
            "rouge_scores": {
                "rouge-1": 0.6043165417690597,
                "rouge-2": 0.2702702652739226,
                "rouge-l": 0.5755395633517935
            },
            "bleu_score": 0.34002768504383574
        }
    },
    "predictions": [
        [
            [
                "해",
                [
                    1308.0,
                    346.0,
                    1393.0,
                    401.0
                ]
            ],
            [
                "우 621-010",
                [
                    270.0,
                    450.0,
                    502.0,
                    502.0
                ]
            ],
            [
                "1 경남   김해시 부원동",
                [
                    515.0,
                    441.0,
                    1016.0,
                    509.0
                ]
            ],
            [
                "61-1   /전화 (0525)",
                [
                    1036.0,
                    438.0,
                    1446.0,
                    503.0
                ]
            ],
            [
                "'32-6360",
                [
                    1462.0,
                    450.0,
                    1648.0,
                    500.0
                ]
            ],
            [
                "[전습 (0525 )",
                [
                    1661.0,
                    444.0,
                    1942.0,
                    506.0
                ]
            ],
            [
                "36-1978",
                [
                    1961.0,
                    448.0,
                    2149.0,
                    500.0
                ]
            ],
            [
                "문서번호",
                [
                    260.0,
                    589.0,
                    470.0,
                    668.0
                ]
            ],
            [
                "진콩 13600-",
                [
                    504.0,
                    595.0,
                    775.0,
                    660.0
                ]
            ],
            [
                "취급",
                [
                    1126.0,
                    592.0,
                    1241.0,
                    657.0
                ]
            ],
            [
                "시행일자",
                [
                    260.0,
                    696.0,
                    470.0,
                    758.0
                ]
            ],
            [
                "94.01.",
                [
                    489.0,
                    700.0,
                    648.0,
                    752.0
                ]
            ],
            [
                "보존",
                [
                    1132.0,
                    693.0,
                    1241.0,
                    758.0
                ]
            ],
            [
                "경유:",
                [
                    263.0,
                    798.0,
                    369.0,
                    860.0
                ]
            ],
            [
                "부 근 수 {전 곁",
                [
                    1128.0,
                    770.0,
                    1530.0,
                    871.0
                ]
            ],
            [
                "시",
                [
                    1845.0,
                    751.0,
                    2166.0,
                    878.0
                ]
            ],
            [
                "수신",
                [
                    260.0,
                    893.0,
                    369.0,
                    958.0
                ]
            ],
            [
                "내 부 결 재",
                [
                    406.0,
                    893.0,
                    687.0,
                    958.0
                ]
            ],
            [
                "과",
                [
                    1126.0,
                    893.0,
                    1205.0,
                    955.0
                ]
            ],
            [
                "장: | 0",
                [
                    1274.0,
                    893.0,
                    1432.0,
                    955.0
                ]
            ],
            [
                "참조",
                [
                    258.0,
                    995.0,
                    366.0,
                    1057.0
                ]
            ],
            [
                "계",
                [
                    1129.0,
                    992.0,
                    1251.0,
                    1054.0
                ]
            ],
            [
                "장 |",
                [
                    1281.0,
                    999.0,
                    1371.0,
                    1053.0
                ]
            ],
            [
                "기안",
                [
                    1126.0,
                    1096.0,
                    1241.0,
                    1156.0
                ]
            ],
            [
                "힘조",
                [
                    2127.0,
                    1093.0,
                    2235.0,
                    1153.0
                ]
            ],
            [
                "제목",
                [
                    255.0,
                    1198.0,
                    366.0,
                    1260.0
                ]
            ],
            [
                "준공검사원",
                [
                    407.0,
                    1190.0,
                    664.0,
                    1264.0
                ]
            ],
            [
                "임명   건의",
                [
                    679.0,
                    1191.0,
                    913.0,
                    1263.0
                ]
            ],
            [
                "93 지역개발사업으로 추진한 생림면   북지회관 신축공사 준공계가 제출되어",
                [
                    485.0,
                    1343.0,
                    2211.0,
                    1410.0
                ]
            ],
            [
                "다음과  같이 준공검사 공무원올 임명코자 합니다 .",
                [
                    255.0,
                    1439.0,
                    1414.0,
                    1515.0
                ]
            ],
            [
                "03",
                [
                    471.0,
                    1559.0,
                    510.0,
                    1595.0
                ]
            ],
            [
                "준공   검사원",
                [
                    532.0,
                    1543.0,
                    810.0,
                    1608.0
                ]
            ],
            [
                "명",
                [
                    1571.0,
                    1700.0,
                    1626.0,
                    1758.0
                ]
            ],
            [
                "도 시 과",
                [
                    455.0,
                    1795.0,
                    662.0,
                    1857.0
                ]
